par_state,par_stateabbrv,kid_count,inventor,top5cit,inventor_cat_1,inventor_cat_2,inventor_cat_3,inventor_cat_4,inventor_cat_5,inventor_cat_6,inventor_cat_7,top5cit_cat_1,top5cit_cat_2,top5cit_cat_3,top5cit_cat_4,top5cit_cat_5,top5cit_cat_6,top5cit_cat_7,kid_count_g_m,inventor_g_m,top5cit_g_m,inventor_cat_1_g_m,inventor_cat_2_g_m,inventor_cat_3_g_m,inventor_cat_4_g_m,inventor_cat_5_g_m,inventor_cat_6_g_m,inventor_cat_7_g_m,top5cit_cat_1_g_m,top5cit_cat_2_g_m,top5cit_cat_3_g_m,top5cit_cat_4_g_m,top5cit_cat_5_g_m,top5cit_cat_6_g_m,top5cit_cat_7_g_m,kid_count_g_f,inventor_g_f,top5cit_g_f,inventor_cat_1_g_f,inventor_cat_2_g_f,inventor_cat_3_g_f,inventor_cat_4_g_f,inventor_cat_5_g_f,inventor_cat_6_g_f,inventor_cat_7_g_f,top5cit_cat_1_g_f,top5cit_cat_2_g_f,top5cit_cat_3_g_f,top5cit_cat_4_g_f,top5cit_cat_5_g_f,top5cit_cat_6_g_f,top5cit_cat_7_g_f,kid_count_pq_1,inventor_pq_1,top5cit_pq_1,inventor_cat_1_pq_1,inventor_cat_2_pq_1,inventor_cat_3_pq_1,inventor_cat_4_pq_1,inventor_cat_5_pq_1,inventor_cat_6_pq_1,inventor_cat_7_pq_1,top5cit_cat_1_pq_1,top5cit_cat_2_pq_1,top5cit_cat_3_pq_1,top5cit_cat_4_pq_1,top5cit_cat_5_pq_1,top5cit_cat_6_pq_1,top5cit_cat_7_pq_1,kid_count_pq_2,inventor_pq_2,top5cit_pq_2,inventor_cat_1_pq_2,inventor_cat_2_pq_2,inventor_cat_3_pq_2,inventor_cat_4_pq_2,inventor_cat_5_pq_2,inventor_cat_6_pq_2,inventor_cat_7_pq_2,top5cit_cat_1_pq_2,top5cit_cat_2_pq_2,top5cit_cat_3_pq_2,top5cit_cat_4_pq_2,top5cit_cat_5_pq_2,top5cit_cat_6_pq_2,top5cit_cat_7_pq_2,kid_count_pq_3,inventor_pq_3,top5cit_pq_3,inventor_cat_1_pq_3,inventor_cat_2_pq_3,inventor_cat_3_pq_3,inventor_cat_4_pq_3,inventor_cat_5_pq_3,inventor_cat_6_pq_3,inventor_cat_7_pq_3,top5cit_cat_1_pq_3,top5cit_cat_2_pq_3,top5cit_cat_3_pq_3,top5cit_cat_4_pq_3,top5cit_cat_5_pq_3,top5cit_cat_6_pq_3,top5cit_cat_7_pq_3,kid_count_pq_4,inventor_pq_4,top5cit_pq_4,inventor_cat_1_pq_4,inventor_cat_2_pq_4,inventor_cat_3_pq_4,inventor_cat_4_pq_4,inventor_cat_5_pq_4,inventor_cat_6_pq_4,inventor_cat_7_pq_4,top5cit_cat_1_pq_4,top5cit_cat_2_pq_4,top5cit_cat_3_pq_4,top5cit_cat_4_pq_4,top5cit_cat_5_pq_4,top5cit_cat_6_pq_4,top5cit_cat_7_pq_4,kid_count_pq_5,inventor_pq_5,top5cit_pq_5,inventor_cat_1_pq_5,inventor_cat_2_pq_5,inventor_cat_3_pq_5,inventor_cat_4_pq_5,inventor_cat_5_pq_5,inventor_cat_6_pq_5,inventor_cat_7_pq_5,top5cit_cat_1_pq_5,top5cit_cat_2_pq_5,top5cit_cat_3_pq_5,top5cit_cat_4_pq_5,top5cit_cat_5_pq_5,top5cit_cat_6_pq_5,top5cit_cat_7_pq_5
Alaska,AK,42265,0.0017982,0.0000473,0.0000946,0.0006388,0.0002366,0.0002129,0.0002129,0.0003312,0.000071,0,0.0000237,0,0,0,0,0.0000237,21571,0.0029669,0.0000927,0.0001854,0.001159,0.0004172,0.0003245,0.0003709,0.0004172,0.0000927,0,0.0000464,0,0,0,0,0.0000464,20693,0.0005799,0,0,0.0000967,0.0000483,0.0000967,0.0000483,0.0002416,0.0000483,0,0,0,0,0,0,0,4420,0.0006787,0,0,0,0,0,0.0002262,0.0002262,0.0002262,0,0,0,0,0,0,0,6706,0.0008947,0,0,0.0004474,0,0.0001491,0,0.0002982,0,0,0,0,0,0,0,0,8459,0.0005911,0,0,0.0003547,0,0.0001182,0,0.0001182,0,0,0,0,0,0,0,0,10418,0.0017278,0,0,0.0004799,0.000192,0.0004799,0.000288,0.000192,0.000096,0,0,0,0,0,0,0,12262,0.0035883,0.0001631,0.0003262,0.0013048,0.0006524,0.0001631,0.0004078,0.0006524,0.0000816,0,0.0000816,0,0,0,0,0.0000816
Alabama,AL,273721,0.0007964,0.0000329,0.0000877,0.000285,0.0000986,0.000084,0.0000658,0.0001169,0.0000585,3.65E-06,3.65E-06,0,3.65E-06,0,7.31E-06,0.0000146,137697,0.0012927,0.0000508,0.0001307,0.0005301,0.0001307,0.0001162,0.0001017,0.0002179,0.0000654,7.26E-06,7.26E-06,0,7.26E-06,0,0.0000145,0.0000145,135995,0.0002941,0.0000147,0.0000441,0.0000368,0.0000662,0.0000515,0.0000294,0.0000147,0.0000515,0,0,0,0,0,0,0.0000147,74075,0.000189,0.0000135,0.000027,0.0000405,0.0000135,0,0.0000405,0.0000675,0,0,0,0,0,0,0.0000135,0,63880,0.0002818,0,0.0000157,0.0001409,0.0000157,0.000047,0.0000313,0.0000157,0.0000157,0,0,0,0,0,0,0,51567,0.0005818,0.0000194,0.0001164,0.0001357,0.0000776,0.0000194,0.0000582,0.000097,0.0000776,0,0,0,0,0,0,0.0000194,45688,0.0010506,0.0000438,0.0001094,0.0004159,0.0001313,0.0000876,0.0000876,0.0001532,0.0000657,0.0000219,0,0,0,0,0,0.0000219,38511,0.0028044,0.0001298,0.0002597,0.0010387,0.0003895,0.0003895,0.0001558,0.0003635,0.0002077,0,0.000026,0,0.000026,0,0.000026,0.0000519
Arkansas,AR,162805,0.0007924,0.000043,0.000043,0.0001843,0.000129,0.0001413,0.0000799,0.0001351,0.0000799,0,0,0,6.14E-06,0,0.0000123,0.0000246,82367,0.001384,0.000085,0.000085,0.0003521,0.00017,0.0002792,0.0001578,0.0002064,0.0001335,0,0,0,0.0000121,0,0.0000243,0.0000486,80429,0.0001865,0,0,0.0000124,0.000087,0,0,0.0000622,0.0000249,0,0,0,0,0,0,0,43263,0.0001849,0.0000231,0,0.0000231,0,0.0000462,0.0000231,0.0000693,0.0000231,0,0,0,0,0,0,0.0000231,42201,0.0003554,0,0,0.0000948,0.0000474,0.0000237,0.0000474,0.0000711,0.0000711,0,0,0,0,0,0,0,34296,0.0008747,0.0000583,0.0001166,0.0001458,0.0001458,0.0001166,0.0000583,0.0001749,0.0001166,0,0,0,0,0,0.0000292,0.0000292,25461,0.001571,0.0001178,0.0000393,0.0003928,0.0002357,0.0003142,0.0002749,0.0001964,0.0001178,0,0,0,0.0000393,0,0,0.0000786,17584,0.0020473,0.0000569,0.0001137,0.0005687,0.000455,0.000455,0.0000569,0.0002843,0.0001137,0,0,0,0,0,0.0000569,0
Arizona,AZ,269197,0.0020134,0.0000892,0.00013,0.0007281,0.0003566,0.0002155,0.0002117,0.00026,0.0001114,0,0.0000149,3.71E-06,0.0000186,3.71E-06,0.0000223,0.000026,135771,0.0032628,0.0001252,0.000221,0.0012889,0.0004861,0.0003314,0.0003535,0.0004198,0.000162,0,0.0000221,7.37E-06,0.0000221,7.37E-06,0.0000368,0.0000295,133405,0.0007421,0.0000525,0.0000375,0.0001574,0.0002249,0.0000974,0.0000675,0.0000974,0.00006,0,7.50E-06,0,0.000015,0,7.50E-06,0.0000225,48930,0.0007153,0.0000409,0.0000409,0.0002248,0.0001226,0.0000613,0.0001226,0.0001022,0.0000409,0,0,0,0,0,0.0000204,0.0000204,59938,0.0010177,0.0000334,0.0001168,0.0002503,0.0001502,0.0000834,0.0001335,0.0001668,0.0001168,0,0,0,0,0,0,0.0000334,56024,0.0015351,0.0001071,0.0001071,0.0004462,0.0003391,0.000232,0.0000892,0.000232,0.0000892,0,0.0000178,0,0.0000357,0,0.0000535,0,52846,0.0020626,0.0000946,0.0001703,0.0009272,0.000246,0.0001703,0.000246,0.0002082,0.0000946,0,0.0000189,0.0000189,0,0.0000189,0,0.0000378,51459,0.0048777,0.0001749,0.0002138,0.0018656,0.0009522,0.0005441,0.0004858,0.0006024,0.0002138,0,0.0000389,0,0.0000583,0,0.0000389,0.0000389
California,CA,1670537,0.0024705,0.0001125,0.0001604,0.0009195,0.0004196,0.0003023,0.000188,0.0003113,0.0001694,4.79E-06,0.0000377,0.0000144,0.0000144,6.58E-06,0.000012,0.0000227,836688,0.0039788,0.0001924,0.0002307,0.0015824,0.0005677,0.0005175,0.0003358,0.0004888,0.0002558,7.17E-06,0.0000705,0.0000227,0.0000287,0.0000108,0.0000203,0.0000323,833635,0.0009549,0.0000324,0.00009,0.0002519,0.0002711,0.0000864,0.0000396,0.0001332,0.0000828,2.40E-06,4.80E-06,6.00E-06,0,2.40E-06,3.60E-06,0.0000132,325249,0.0008732,0.0000307,0.0000738,0.0002859,0.0001353,0.000123,0.0000646,0.0001291,0.0000615,0,9.22E-06,3.07E-06,3.07E-06,6.15E-06,3.07E-06,6.15E-06,329998,0.0010788,0.0000455,0.0000788,0.0003455,0.0001758,0.000103,0.0000818,0.0001818,0.0001121,0,9.09E-06,6.06E-06,0,0,9.09E-06,0.0000212,317780,0.0014507,0.0000755,0.0001259,0.0004657,0.0002643,0.0001479,0.0001259,0.0002014,0.0001196,9.44E-06,0.000022,9.44E-06,6.29E-06,6.29E-06,6.29E-06,0.0000157,312195,0.0023127,0.0001217,0.000173,0.0008168,0.0004132,0.0002979,0.0001602,0.0002787,0.000173,0,0.0000416,6.41E-06,0.0000224,6.41E-06,0.0000256,0.0000192,385315,0.0059795,0.0002621,0.0003218,0.0024032,0.0010018,0.0007552,0.0004568,0.0006929,0.0003478,0.000013,0.000096,0.0000415,0.0000363,0.000013,0.0000156,0.0000467
Colorado,CO,248585,0.0028441,0.0001207,0.0002575,0.0008528,0.0004747,0.0004184,0.0002172,0.0003862,0.0002333,8.05E-06,0.0000161,0.0000161,8.05E-06,8.05E-06,0.0000201,0.0000443,125849,0.0046723,0.0002145,0.0004052,0.0014859,0.0006834,0.0007549,0.0003655,0.0006198,0.0003496,7.95E-06,0.0000238,0.0000318,0.0000159,0.0000159,0.0000397,0.0000795,122717,0.0009697,0.0000244,0.0001059,0.0002037,0.0002608,0.0000733,0.0000652,0.0001467,0.0001141,8.15E-06,8.15E-06,0,0,0,0,8.15E-06,32033,0.0010614,0.0000624,0.0000937,0.0002497,0.0001561,0.0001249,0.0000312,0.0002497,0.0001561,0,0,0,0,0.0000312,0,0.0000312,45216,0.0010616,0.0000442,0.0000442,0.0002212,0.0002433,0.0001548,0.0000885,0.0001769,0.0001327,0,0,0.0000221,0,0,0,0.0000221,51434,0.0019442,0,0.000175,0.0006416,0.0002722,0.0003111,0.0001944,0.0002333,0.0000972,0,0,0,0,0,0,0,56120,0.0025659,0.0000356,0.0002851,0.0006949,0.0004811,0.0002851,0.0002495,0.0003029,0.0002673,0,0,0,0,0,0,0.0000356,63782,0.0059735,0.0003763,0.0005331,0.0019128,0.0009564,0.0009564,0.000392,0.0007996,0.0004233,0.0000314,0.0000627,0.000047,0.0000314,0.0000157,0.0000784,0.0001097
Connecticut,CT,174527,0.0032316,0.0001604,0.0003209,0.0009282,0.000573,0.0004698,0.0004011,0.000361,0.0001776,5.73E-06,0.0000286,0,0.0000516,0.0000172,5.73E-06,0.0000516,87385,0.0051611,0.0002861,0.0004577,0.0015678,0.0006866,0.0008239,0.0007209,0.000618,0.0002861,0.0000114,0.0000343,0,0.000103,0.0000343,0.0000114,0.0000915,87117,0.0012971,0.0000344,0.0001837,0.000287,0.0004592,0.0001148,0.0000804,0.0001033,0.0000689,0,0.000023,0,0,0,0,0.0000115,21474,0.0005122,0.0000466,0.0000466,0.0002328,0,0,0,0.0000931,0.0001397,0,0,0,0,0,0,0.0000466,24244,0.0014024,0.0001237,0.0002475,0.00033,0.000165,0.0002475,0.0000825,0.0002475,0.0000825,0,0.0000825,0,0,0,0,0.0000412,29651,0.0019224,0.0000675,0.0003035,0.0005396,0.0001686,0.0002698,0.0002024,0.000371,0.0000675,0.0000337,0,0,0,0,0,0.0000337,39525,0.0028083,0.0001771,0.0003036,0.0005819,0.0005566,0.0003795,0.000506,0.0003289,0.0001518,0,0.0000253,0,0.0000759,0.0000253,0,0.0000506,59633,0.005886,0.0002515,0.0004695,0.0018446,0.0011571,0.0008888,0.0007043,0.0005198,0.0003018,0,0.0000335,0,0.0001006,0.0000335,0.0000168,0.0000671
District of Columbia,DC,20319,0.0009843,0.0001476,0.0000984,0.0004429,0.0000492,0.0000984,0.0000984,0.0000984,0.0000984,0,0,0,0.0000492,0,0,0.0000984,9918,0.0017141,0.0003025,0,0.0009074,0.0001008,0.0002017,0.0002017,0.0001008,0.0002017,0,0,0,0.0001008,0,0,0.0002017,10400,0.0002885,0,0.0001923,0,0,0,0,0.0000962,0,0,0,0,0,0,0,0,6240,0.0001603,0.0001603,0,0,0,0,0,0,0.0001603,0,0,0,0,0,0,0.0001603,5960,0.0001678,0,0,0,0,0,0.0001678,0,0,0,0,0,0,0,0,0,3292,0.0003038,0,0,0,0,0,0,0.0003038,0,0,0,0,0,0,0,0,1795,0.0005571,0.0005571,0,0,0,0,0,0,0.0005571,0,0,0,0,0,0,0.0005571,3032,0.005277,0.0003298,0.0006596,0.0029683,0.0003298,0.0006596,0.0003298,0.0003298,0,0,0,0,0.0003298,0,0,0
Delaware,DE,45254,0.0020551,0.0000663,0.0002431,0.0006629,0.0004861,0.0002431,0.0001326,0.0002873,0,0,0.0000221,0,0,0,0.0000442,0,22844,0.0032394,0.0000438,0.000394,0.0010506,0.0006566,0.0004378,0.0002627,0.0004378,0,0,0,0,0,0,0.0000438,0,22409,0.0008479,0.0000892,0.0000892,0.0002677,0.0003124,0.0000446,0,0.0001339,0,0,0.0000446,0,0,0,0.0000446,0,7614,0.0002627,0,0,0.0001313,0,0,0,0.0001313,0,0,0,0,0,0,0,0,8867,0.0005639,0,0.0001128,0.0003383,0.0001128,0,0,0,0,0,0,0,0,0,0,0,8606,0.001162,0,0.0002324,0.0004648,0.0002324,0.0001162,0.0001162,0,0,0,0,0,0,0,0,0,9567,0.001986,0.0002091,0.0001045,0.0004181,0.0007317,0.0002091,0,0.0005226,0,0,0.0001045,0,0,0,0.0001045,0,10600,0.0053774,0.0000943,0.0006604,0.0016981,0.0011321,0.0007547,0.0004717,0.0006604,0,0,0,0,0,0,0.0000943,0
Florida,FL,670987,0.0015827,0.00007,0.0001148,0.0004516,0.0002236,0.0002295,0.000155,0.0002742,0.0001341,1.49E-06,0.0000179,2.98E-06,0.0000119,1.49E-06,2.98E-06,0.0000313,335565,0.0024556,0.0001132,0.0001579,0.000754,0.0002742,0.0003963,0.0002652,0.0004202,0.0001877,0,0.0000358,2.98E-06,0.0000238,0,5.96E-06,0.0000447,335369,0.0007097,0.0000268,0.0000716,0.0001491,0.0001729,0.0000626,0.0000447,0.0001282,0.0000805,2.98E-06,0,2.98E-06,0,2.98E-06,0,0.0000179,162591,0.0004797,0.0000308,0.0000308,0.0001292,0.0000677,0.0000431,0.0000431,0.0001107,0.0000554,0,6.15E-06,0,0,0,0,0.0000246,170677,0.0009316,0.0000293,0.0000644,0.0002812,0.0001172,0.0001348,0.0000703,0.0001758,0.0000879,5.86E-06,0,0,0.0000117,0,0,0.0000117,137741,0.0013141,0.0000653,0.0001016,0.0003049,0.0001742,0.0001815,0.0001597,0.0002759,0.0001162,0,0.0000145,0,0.0000218,0,0,0.000029,106672,0.0022124,0.0000656,0.0002062,0.0006656,0.0002625,0.0004406,0.0002062,0.0003,0.0001312,0,0.0000281,0,0,9.37E-06,0,0.0000281,93306,0.0043727,0.0002251,0.0002679,0.0012968,0.0007181,0.0005573,0.0004394,0.0007074,0.0003858,0,0.0000643,0.0000214,0.0000322,0,0.0000214,0.0000857
Georgia,GA,480311,0.0011534,0.0000583,0.0000895,0.000331,0.0001749,0.0001332,0.0001166,0.0001874,0.0001208,2.08E-06,4.16E-06,4.16E-06,4.16E-06,6.25E-06,6.25E-06,0.0000312,240920,0.0017848,0.0000872,0.0001162,0.0005645,0.0002283,0.0002366,0.0002075,0.0002532,0.0001785,4.15E-06,8.30E-06,8.30E-06,8.30E-06,0.0000125,4.15E-06,0.0000415,239339,0.0005181,0.0000292,0.0000627,0.0000961,0.0001212,0.0000292,0.0000251,0.0001212,0.0000627,0,0,0,0,0,8.36E-06,0.0000209,111423,0.0002244,0,0.0000179,0.0000538,0.0000449,8.97E-06,8.97E-06,0.0000808,8.97E-06,0,0,0,0,0,0,0,107655,0.0004459,0.0000186,0.0000372,0.0001393,0.0000464,0.0000743,0.0000464,0.000065,0.0000372,0,9.29E-06,0,0,0,0,9.29E-06,88349,0.0008715,0.0000453,0.0000679,0.0002151,0.0001471,0.0001019,0.0000566,0.0001132,0.0001698,0,0,0,0.0000113,0,0,0.000034,82898,0.0014476,0.0000603,0.0000965,0.0004101,0.0002533,0.0000965,0.000193,0.0002533,0.0001448,0,0.0000121,0,0,0.0000121,0.0000121,0.0000241,89986,0.003156,0.0001889,0.0002556,0.0009446,0.0004445,0.0004223,0.0003223,0.0004779,0.0002889,0.0000111,0,0.0000222,0.0000111,0.0000222,0.0000222,0.0001
Hawaii,HI,61399,0.0015961,0.0001792,0.0000814,0.0005538,0.0002606,0.0002606,0.000114,0.0001954,0.0001303,0.0000163,0.0000489,0.0000326,0,0.0000163,0,0.0000651,30954,0.002326,0.0002908,0.0000969,0.0008077,0.0003231,0.0004523,0.0002261,0.0002908,0.0001292,0.0000323,0.0000969,0.0000646,0,0.0000323,0,0.0000646,30438,0.0008542,0.0000657,0.0000657,0.0002957,0.0001971,0.0000657,0,0.0000986,0.0001314,0,0,0,0,0,0,0.0000657,9364,0.0003204,0,0,0,0.0001068,0,0,0.0002136,0,0,0,0,0,0,0,0,12383,0.0005653,0,0.0000808,0.0001615,0,0.0000808,0,0.0001615,0.0000808,0,0,0,0,0,0,0,13138,0.0009134,0,0,0.0006089,0,0.0000761,0.0000761,0.0000761,0.0000761,0,0,0,0,0,0,0,13759,0.0013809,0.0001454,0.0001454,0.000218,0.0002907,0.000218,0.0000727,0.0002907,0.0001454,0,0,0.0000727,0,0,0,0.0000727,12755,0.0044688,0.0007056,0.0001568,0.0016464,0.0008624,0.0008624,0.000392,0.0002352,0.0003136,0.0000784,0.0002352,0.0000784,0,0.0000784,0,0.0002352
Iowa,IA,190302,0.0025118,0.0001104,0.0002365,0.000599,0.0003363,0.000247,0.0004309,0.0004992,0.0001629,5.25E-06,0.0000263,0,0.0000105,0.0000158,0.000021,0.0000315,95837,0.0042259,0.0002087,0.0003443,0.0010226,0.0004591,0.0004382,0.0008034,0.0008452,0.000313,0.0000104,0.0000417,0,0.0000209,0.0000313,0.0000417,0.0000626,94465,0.0007728,0.0000106,0.000127,0.0001694,0.0002117,0.0000529,0.0000529,0.0001482,0.0000106,0,0.0000106,0,0,0,0,0,21487,0.0009308,0,0.0000931,0.0002327,0.0001862,0.0000465,0.0001396,0.0001862,0.0000465,0,0,0,0,0,0,0,36413,0.0013457,0.0000824,0.0001922,0.0002472,0.0001648,0.0001373,0.0001373,0.000357,0.0001099,0,0,0,0,0,0.0000275,0.0000549,50142,0.0018148,0.0000798,0.0001795,0.0003191,0.0001994,0.0001595,0.0003789,0.0003789,0.0001994,0,0,0,0.0000199,0.0000199,0.0000199,0.0000199,49239,0.0030261,0.0001422,0.000264,0.0007921,0.0003249,0.0002234,0.000589,0.0006296,0.0002031,0,0.0000406,0,0,0.0000203,0.0000203,0.0000609,33021,0.005118,0.000212,0.000424,0.0013628,0.0008479,0.0006662,0.0007874,0.0008479,0.0001817,0.0000303,0.0000909,0,0.0000303,0.0000303,0.0000303,0
Idaho,ID,92085,0.0024108,0.0000869,0.0000977,0.0006516,0.0004018,0.0002715,0.0003801,0.0004561,0.000152,0,0.0000326,0,0.0000217,0.0000326,0,0,46918,0.0041988,0.0001705,0.0001705,0.0011723,0.0005968,0.0005328,0.000746,0.0007886,0.0001918,0,0.0000639,0,0.0000426,0.0000639,0,0,45162,0.0005536,0,0.0000221,0.0001107,0.0001993,0,0,0.0001107,0.0001107,0,0,0,0,0,0,0,12824,0.0013256,0.000078,0,0.0005459,0.0003119,0,0.0003119,0.000156,0,0,0.000078,0,0,0,0,0,20448,0.0009292,0.0000489,0.0000978,0.0000978,0.0002445,0.0001956,0.0000489,0.0000978,0.0001467,0,0,0,0,0.0000489,0,0,24303,0.0019751,0,0.0000823,0.0004938,0.000288,0.0001234,0.0003703,0.0005349,0.0000823,0,0,0,0,0,0,0,20609,0.0032025,0.000097,0.0001456,0.0009219,0.0003882,0.0004367,0.0004367,0.0006793,0.0001941,0,0,0,0.000097,0,0,0,13901,0.0051795,0.0002877,0.0001439,0.0014387,0.0009352,0.0006474,0.0008632,0.0007913,0.0003597,0,0.0001439,0,0,0.0001439,0,0
Illinois,IL,714061,0.0025558,0.0001554,0.0002045,0.0007296,0.0002997,0.0003025,0.0003683,0.0004551,0.0001961,2.80E-06,0.0000252,4.20E-06,0.000028,0.0000182,0.0000224,0.0000546,358330,0.0041889,0.0002707,0.0002874,0.001253,0.0003879,0.0005554,0.0006781,0.0007256,0.0003014,2.79E-06,0.0000474,8.37E-06,0.0000502,0.0000363,0.0000419,0.0000837,355703,0.0009109,0.0000394,0.0001209,0.0002024,0.0002109,0.0000478,0.0000562,0.0001827,0.00009,2.81E-06,2.81E-06,0,5.62E-06,0,2.81E-06,0.0000253,107109,0.0004668,0,0.0000654,0.0001494,0.0000467,0.000028,0.000028,0.0001027,0.0000467,0,0,0,0,0,0,0,125665,0.0008753,0.0000477,0.0000477,0.0002149,0.0001114,0.0001432,0.0000716,0.0002069,0.0000796,0,0.0000159,0,0,7.96E-06,0,0.0000239,139875,0.001487,0.0000715,0.0001787,0.0003289,0.0001215,0.0001215,0.0003003,0.0003503,0.0000858,0,7.15E-06,0,0.0000214,0,0.0000214,0.0000214,160752,0.0026252,0.0001555,0.0001991,0.0006967,0.0002862,0.0002986,0.0004043,0.0005101,0.0002302,0,0.0000187,0,0.0000311,0.0000187,0.0000249,0.0000622,180660,0.005729,0.0003875,0.0004207,0.0017713,0.0007307,0.0007196,0.0007971,0.000869,0.0004207,0.0000111,0.0000664,0.0000166,0.0000664,0.0000498,0.0000498,0.0001273
Indiana,IN,384678,0.0023188,0.000117,0.0001456,0.0004887,0.0004731,0.0002782,0.0003068,0.0004393,0.0001872,0,0.0000182,7.80E-06,0.000026,0.0000156,0.000013,0.0000364,194806,0.0038449,0.0002002,0.0002156,0.0008932,0.000693,0.0005185,0.0005185,0.0007238,0.0002823,0,0.0000308,0.0000103,0.0000513,0.0000308,0.0000257,0.0000513,189865,0.0007532,0.0000316,0.0000737,0.0000737,0.0002475,0.0000316,0.0000895,0.0001475,0.0000895,0,5.27E-06,5.27E-06,0,0,0,0.0000211,51708,0.0006189,0,0,0.0001547,0.0001354,0.0000774,0.0000967,0.000058,0.0000967,0,0,0,0,0,0,0,71255,0.0009543,0.0000421,0.0000421,0.0002245,0.0001403,0.0001684,0.0000982,0.0002245,0.0000561,0,0,0,0.000014,0,0,0.0000281,87409,0.0014186,0.0000801,0.0000229,0.0002975,0.0002746,0.0001716,0.0002174,0.0003089,0.0001258,0,0,0,0.0000114,0.0000114,0.0000229,0.0000343,96612,0.002598,0.0002277,0.0002691,0.0005175,0.0004451,0.0002795,0.0003519,0.0005072,0.0002277,0,0.0000518,0.0000207,0.0000207,0.0000414,0.0000207,0.0000725,77694,0.0053672,0.0001673,0.0003218,0.0011326,0.0012614,0.0006307,0.0006822,0.0009525,0.0003861,0,0.0000257,0.0000129,0.0000772,0.0000129,0.0000129,0.0000257
Kansas,KS,175379,0.001933,0.0001026,0.0001311,0.0006158,0.0001939,0.0002167,0.0002623,0.0003079,0.0002053,0,0.0000228,0,0,0.0000114,5.70E-06,0.0000627,88477,0.0032551,0.0001921,0.000226,0.0011076,0.000226,0.0003956,0.0004634,0.0005086,0.0003278,0,0.0000452,0,0,0.0000226,0.0000113,0.000113,86900,0.0005869,0.0000115,0.0000345,0.0001151,0.0001611,0.0000345,0.0000575,0.0001036,0.0000806,0,0,0,0,0,0,0.0000115,21984,0.0006368,0.0000455,0,0.0001365,0,0.0000455,0.000182,0.0002274,0.0000455,0,0,0,0,0,0.0000455,0,33502,0.0010149,0.0000298,0.0000895,0.0002985,0.0000298,0.0001492,0.0000895,0.0002089,0.0001492,0,0.0000298,0,0,0,0,0,41984,0.0014053,0.0000953,0.0000238,0.0005716,0.0001191,0.0001191,0.0002144,0.0002382,0.0001191,0,0.0000238,0,0,0.0000238,0,0.0000476,42170,0.0022528,0.0000237,0.0002371,0.0007825,0.0002371,0.0002134,0.0002608,0.0003557,0.000166,0,0,0,0,0.0000237,0,0,35739,0.0038333,0.0003078,0.0002518,0.0010633,0.0005037,0.0005037,0.0005316,0.0004757,0.0005037,0,0.000056,0,0,0,0,0.0002518
Kentucky,KY,234131,0.001324,0.0000342,0.0001538,0.000363,0.0001879,0.0001153,0.0002136,0.0002007,0.0000897,4.27E-06,4.27E-06,4.27E-06,4.27E-06,0,0,0.0000171,117703,0.0021665,0.000034,0.0002294,0.0006287,0.0002209,0.0002124,0.0004078,0.0003313,0.0001359,0,8.50E-06,0,8.50E-06,0,0,0.000017,116424,0.0004724,0.0000344,0.0000773,0.0000945,0.0001546,0.0000172,0.0000172,0.0000687,0.0000429,8.59E-06,0,8.59E-06,0,0,0,0.0000172,50432,0.0003767,0.0000198,0.0000198,0.000119,0.0000397,0.0000397,0.0000793,0.0000595,0.0000198,0,0,0,0,0,0,0.0000198,51275,0.0005851,0.0000195,0.0000585,0.000156,0.0000585,0.000039,0.000078,0.000156,0.000039,0,0,0.0000195,0,0,0,0,51177,0.0007621,0,0.0000782,0.0001759,0.0000586,0.0000977,0.0001368,0.0001954,0.0000195,0,0,0,0,0,0,0,46446,0.0015071,0.0000431,0.000323,0.0002799,0.0002584,0.0001292,0.0002799,0.0001722,0.0000646,0,0,0,0.0000215,0,0,0.0000215,34801,0.0043677,0.0001149,0.0003736,0.001408,0.0006896,0.0003448,0.0006322,0.0005172,0.0004023,0.0000287,0.0000287,0,0,0,0,0.0000575
Louisiana,LA,303616,0.0009881,0.0000362,0.0000922,0.0002207,0.0001252,0.0000889,0.0001186,0.0002767,0.0000659,0,6.59E-06,0,3.29E-06,3.29E-06,3.29E-06,0.0000198,151483,0.0017098,0.0000594,0.000132,0.0003961,0.000198,0.0001518,0.000231,0.0005149,0.0000858,0,0.0000132,0,6.60E-06,6.60E-06,6.60E-06,0.0000264,152061,0.0002696,0.0000132,0.0000526,0.000046,0.0000526,0.0000263,6.58E-06,0.0000395,0.000046,0,0,0,0,0,0,0.0000132,89024,0.0003033,0,0,0.0000449,0.0000337,0.0000449,0.0000674,0.0001123,0,0,0,0,0,0,0,0,67607,0.0003846,0.0000148,0.0000444,0.0001183,0.0000148,0,0.0000148,0.0001331,0.0000592,0,0,0,0,0,0,0.0000148,54711,0.0008042,0.0000183,0.0000366,0.0002376,0.0000914,0,0.0000914,0.0002193,0.0001279,0,0,0,0,0,0,0.0000183,50377,0.001191,0.0000397,0.0000794,0.0002184,0.0001985,0.0001787,0.000139,0.0003573,0.0000199,0,0,0,0,0,0.0000199,0.0000199,41897,0.0034131,0.0001671,0.0004535,0.0007399,0.0004535,0.0003342,0.0004058,0.0008354,0.0001909,0,0.0000477,0,0.0000239,0.0000239,0,0.0000716
Massachusetts,MA,314068,0.0035311,0.0001751,0.0002834,0.0011622,0.0006846,0.0004935,0.0002929,0.0004394,0.0001751,9.55E-06,0.0000509,0.0000255,0.0000127,0.0000191,0.0000191,0.0000382,157326,0.0056062,0.0002924,0.0003941,0.0020403,0.0008899,0.0008136,0.0005085,0.0007119,0.0002479,0.0000191,0.0001017,0.0000318,0.0000191,0.0000381,0.0000318,0.0000508,156720,0.0014421,0.0000574,0.0001723,0.0002808,0.0004786,0.0001659,0.0000766,0.0001659,0.0001021,0,0,0.0000191,6.38E-06,0,6.38E-06,0.0000255,37533,0.0010124,0,0.0001066,0.0002131,0.0001599,0.0001599,0.0000533,0.0002398,0.0000799,0,0,0,0,0,0,0,47784,0.0013812,0.0000419,0.0001256,0.0003558,0.0003348,0.0002721,0.0001465,0.0001256,0.0000209,0.0000209,0.0000209,0,0,0,0,0,57727,0.0024252,0.0001039,0.0002252,0.0007969,0.0004504,0.0002598,0.0002079,0.0003811,0.0001039,0,0.000052,0.0000173,0,0,0.0000173,0.0000173,73160,0.0029388,0.0001914,0.000205,0.0009295,0.0005878,0.0004374,0.000287,0.0003554,0.0001367,0.0000273,0.0000137,0.0000273,0.0000137,0.000041,0.0000273,0.000041,97864,0.0066419,0.0003372,0.0005211,0.0023093,0.0012671,0.0009094,0.0005109,0.0007664,0.0003576,0,0.0001124,0.0000511,0.0000307,0.0000307,0.0000307,0.0000817
Maryland,MD,296494,0.0021653,0.0000776,0.0001619,0.000742,0.0004047,0.000226,0.0001956,0.0002968,0.0001383,0,0.000027,3.37E-06,0.0000101,3.37E-06,0.0000169,0.0000169,147440,0.003459,0.0001221,0.0002509,0.0012954,0.0005087,0.0004069,0.0003527,0.0004544,0.0001899,0,0.0000543,6.78E-06,0.0000203,6.78E-06,0.0000136,0.0000203,149039,0.0008857,0.0000335,0.0000738,0.0001946,0.0003019,0.000047,0.0000403,0.0001409,0.0000872,0,0,0,0,0,0.0000201,0.0000134,41793,0.0007418,0,0.0000479,0.0002153,0.0001196,0.0001196,0.0000239,0.0000718,0.0001436,0,0,0,0,0,0,0,55708,0.0004847,0.000018,0.000018,0.0001436,0.0000718,0.0000359,0.000018,0.0001795,0.000018,0,0,0,0,0,0.000018,0,54121,0.0012195,0.0000739,0.0000924,0.000388,0.0003326,0.000037,0.0001663,0.0001293,0.0000739,0,0.0000185,0,0,0.0000185,0.0000185,0.0000185,60278,0.0016922,0.0000332,0.0000995,0.0006968,0.000282,0.0002654,0.0001327,0.0001659,0.0000498,0,0.0000166,0,0,0,0.0000166,0,84594,0.0049176,0.0001891,0.0004019,0.001655,0.0008984,0.0004965,0.000461,0.0006856,0.0003192,0,0.0000709,0.0000118,0.0000355,0,0.0000236,0.0000473
Maine,ME,78296,0.0024778,0.0000511,0.000281,0.0006769,0.0003832,0.0003065,0.0003065,0.0004215,0.0001022,0,0,0.0000128,0.0000255,0,0.0000128,0,39387,0.0039861,0.0001016,0.000457,0.0011425,0.0005078,0.0005078,0.0005332,0.0006855,0.0001523,0,0,0.0000254,0.0000508,0,0.0000254,0,38905,0.000951,0,0.0001028,0.0002056,0.000257,0.0001028,0.0000771,0.0001542,0.0000514,0,0,0,0,0,0,0,12748,0.000706,0,0,0.0002353,0.0001569,0.0001569,0.0001569,0,0,0,0,0,0,0,0,0,17639,0.0014173,0,0.0001701,0.0003968,0.0001134,0.0000567,0.0002268,0.0003968,0.0000567,0,0,0,0,0,0,0,19539,0.0018425,0.0001024,0.0002047,0.000563,0.0003071,0.0003071,0.0001535,0.0002559,0.0000512,0,0,0.0000512,0.0000512,0,0,0,17112,0.0029804,0.0000584,0.0002922,0.0008181,0.0005259,0.0002922,0.0003506,0.0006428,0.0000584,0,0,0,0.0000584,0,0,0,11258,0.0064843,0.0000888,0.0008883,0.0015989,0.0009771,0.0008883,0.0007994,0.0008883,0.0004441,0,0,0,0,0,0.0000888,0
Michigan,MI,605452,0.0033628,0.0001817,0.0002659,0.0007548,0.0003221,0.0004806,0.0006904,0.0006276,0.0002213,6.61E-06,0.0000182,0.0000116,9.91E-06,0.0000396,0.0000248,0.000071,305244,0.0054841,0.0002621,0.0004226,0.0013235,0.0003964,0.0008026,0.0012023,0.0010025,0.0003342,9.83E-06,0.0000295,0.0000164,0.0000164,0.0000557,0.0000262,0.0001081,300172,0.001206,0.0000999,0.0001066,0.0001766,0.0002465,0.0001532,0.0001699,0.0002465,0.0001066,3.33E-06,6.66E-06,6.66E-06,3.33E-06,0.0000233,0.0000233,0.0000333,85800,0.0007459,0.0000699,0.0000816,0.0001399,0.0000233,0.0000816,0.0002448,0.0000583,0.0001166,0.0000117,0,0,0,0.0000117,0,0.0000466,99270,0.0014304,0.0000604,0.0001813,0.0003022,0.0001914,0.0002015,0.0002317,0.0002518,0.0000705,0,0,0.0000101,0,0.0000201,0,0.0000302,118552,0.0018136,0.000059,0.0000928,0.0004471,0.0001687,0.0002615,0.0003796,0.0003458,0.0001181,0,8.44E-06,0,0,0.0000169,0.0000169,0.0000169,147146,0.0031329,0.0001427,0.0002515,0.0006048,0.0002175,0.0005097,0.0007476,0.0006184,0.0001835,0,0.0000272,0.0000136,6.80E-06,0.000034,0.0000204,0.0000408,154684,0.0074604,0.0004525,0.0005689,0.0017649,0.0007887,0.0010214,0.0014158,0.0014093,0.0004913,0.0000194,0.0000388,0.0000259,0.0000323,0.0000905,0.0000646,0.000181
Minnesota,MN,318917,0.0037063,0.0001505,0.0004108,0.0008059,0.0007275,0.0004202,0.0004672,0.0006303,0.0002446,0.0000157,0.0000439,0.0000282,0.0000188,3.14E-06,0.0000251,0.0000157,160822,0.0060999,0.0002487,0.0006405,0.0014053,0.0010384,0.0007399,0.0008394,0.0010757,0.0003606,0.0000249,0.0000808,0.0000373,0.0000373,0,0.0000435,0.0000249,158081,0.0012715,0.0000506,0.0001771,0.0001961,0.0004112,0.0000949,0.0000886,0.0001771,0.0001265,6.33E-06,6.33E-06,0.000019,0,6.33E-06,6.33E-06,6.33E-06,31470,0.0009533,0,0,0.000286,0.0001907,0.0001589,0.0001589,0.0000636,0.0000953,0,0,0,0,0,0,0,50325,0.0016493,0.0000596,0.0002186,0.0003179,0.0002385,0.0002186,0.0001391,0.0003775,0.0001391,0,0.0000199,0.0000199,0,0,0.0000199,0,70581,0.0025219,0.000085,0.0001558,0.0005101,0.0004392,0.0002692,0.0004534,0.0004392,0.000255,0,0.0000425,0.0000142,0.0000142,0,0.0000142,0,86164,0.0031916,0.0001509,0.0003946,0.0007312,0.0005571,0.000325,0.000383,0.0005687,0.0002321,0.0000348,0.0000348,0,0.0000348,0.0000116,0.0000116,0.0000232,80377,0.0076639,0.0003235,0.0009331,0.0016547,0.0016796,0.0008833,0.0008958,0.0012441,0.0003732,0.0000249,0.0000871,0.0000871,0.0000249,0,0.0000622,0.0000373
Missouri,MO,349877,0.0015777,0.0000572,0.0001115,0.0004773,0.0001972,0.0002229,0.0002172,0.0002658,0.0000857,0,0.0000171,2.86E-06,5.72E-06,0.0000114,5.72E-06,0.0000143,176370,0.0026478,0.0000907,0.0001871,0.0008675,0.0002608,0.0003969,0.0003912,0.0004366,0.0001077,0,0.000034,5.67E-06,5.67E-06,0.0000227,0.0000113,0.0000113,173500,0.0004899,0.0000231,0.0000346,0.0000807,0.0001326,0.0000461,0.0000403,0.0000922,0.0000634,0,0,0,5.76E-06,0,0,0.0000173,61926,0.0004199,0.0000323,0.0000161,0.0001776,0.0000323,0.0000484,0.0000807,0.0000484,0.0000161,0,0,0.0000161,0,0,0,0.0000161,74257,0.0006868,0.0000404,0.0000404,0.0001481,0.0001347,0.0001212,0.0000404,0.0001481,0.0000539,0,0,0,0.0000135,0,0,0.0000269,76936,0.0011698,0.000013,0.000104,0.000247,0.000169,0.000221,0.000156,0.000221,0.000052,0,0.000013,0,0,0,0,0,74028,0.0019182,0.0000811,0.0001756,0.0006079,0.0001486,0.0002161,0.0002972,0.0003647,0.0001081,0,0.0000135,0,0,0.0000405,0.0000135,0.0000135,62730,0.0038737,0.0001275,0.0002232,0.0012912,0.0005261,0.0005261,0.000542,0.0005579,0.0002072,0,0.0000638,0,0.0000159,0.0000159,0.0000159,0.0000159
Mississippi,MS,190911,0.0005605,0.0000157,0.0000838,0.0001414,0.0000576,0.0000733,0.0000576,0.0001152,0.0000314,5.24E-06,5.24E-06,0,5.24E-06,0,0,0,95895,0.0009281,0.0000209,0.0001356,0.0002607,0.000073,0.0001251,0.0001043,0.0002086,0.0000209,0,0.0000104,0,0.0000104,0,0,0,94996,0.0001895,0.0000105,0.0000316,0.0000211,0.0000421,0.0000211,0.0000105,0.0000211,0.0000421,0.0000105,0,0,0,0,0,0,63744,0.0001726,0,0.0000157,0.0000314,0,0,0.0000157,0.0000941,0.0000157,0,0,0,0,0,0,0,49331,0.0003446,0.0000405,0.0000811,0.0001014,0.0000405,0.0000608,0,0.0000203,0.0000405,0.0000203,0,0,0.0000203,0,0,0,33593,0.0004763,0,0.0000893,0.0000595,0.0000595,0.0001488,0.0000298,0.0000298,0.0000595,0,0,0,0,0,0,0,26327,0.0009116,0,0.000038,0.0002279,0.0001899,0.000114,0.000114,0.0001899,0.000038,0,0,0,0,0,0,0,17916,0.0021768,0.0000558,0.0003907,0.0006698,0.0001116,0.0001674,0.0003349,0.0005023,0,0,0.0000558,0,0,0,0,0
Montana,MT,61159,0.0022074,0.0000818,0.0002289,0.0008993,0.0001799,0.000278,0.0001799,0.000278,0.0001635,0,0.0000327,0,0,0.0000164,0,0.0000327,30871,0.0038224,0.0001296,0.0003239,0.0016844,0.0001944,0.0005183,0.0003239,0.0004535,0.0003239,0,0.0000324,0,0,0.0000324,0,0.0000648,30283,0.0005614,0.000033,0.0001321,0.0000991,0.0001651,0.000033,0.000033,0.0000991,0,0,0.000033,0,0,0,0,0,11638,0.0008593,0.0000859,0.0002578,0.0003437,0,0,0.0000859,0.0000859,0.0000859,0,0,0,0,0,0,0.0000859,14626,0.0008205,0.0000684,0.0002051,0.0002735,0,0.0000684,0.0001367,0,0.0001367,0,0,0,0,0,0,0.0000684,15483,0.002196,0.0001292,0.0000646,0.0007105,0.0000646,0.0005167,0.0003229,0.0005167,0,0,0.0000646,0,0,0.0000646,0,0,12282,0.0035011,0,0.0002443,0.0016284,0.0005699,0.0002443,0.0000814,0.0004071,0.0003257,0,0,0,0,0,0,0,7130,0.0050491,0.0001403,0.000561,0.002244,0.0004208,0.0007013,0.0002805,0.0004208,0.0004208,0,0.0001403,0,0,0,0,0
North Carolina,NC,433416,0.0016705,0.0000877,0.0001592,0.0005237,0.0002261,0.0002007,0.000173,0.0002792,0.0001084,0,0.0000277,6.92E-06,9.23E-06,9.23E-06,4.61E-06,0.00003,217804,0.0026813,0.0001331,0.0002433,0.0008861,0.0002893,0.0003306,0.0003214,0.0004545,0.0001561,0,0.0000459,9.18E-06,0.0000184,0.0000184,4.59E-06,0.0000367,215578,0.0006494,0.0000417,0.0000742,0.0001577,0.0001624,0.0000696,0.0000232,0.0001021,0.0000603,0,9.28E-06,4.64E-06,0,0,4.64E-06,0.0000232,92113,0.0003148,0.0000217,0.0000217,0.0000977,0.0000326,0.0000543,0.0000217,0.0000543,0.0000326,0,0.0000109,0.0000109,0,0,0,0,100473,0.0005076,0.0000299,0.0000299,0.0001692,0.0000498,0.0000597,0.0000299,0.0001393,0.0000299,0,0.0000199,0,0,0,0,9.95E-06,87053,0.0012981,0.0000345,0.0001264,0.0003561,0.0001838,0.0001264,0.0001264,0.0002527,0.0001264,0,0.000023,0,0,0,0.0000115,0,79976,0.0020756,0.0001,0.0001876,0.0005252,0.0003251,0.0002376,0.0003126,0.0004126,0.000075,0,0.0000125,0,0.0000125,0.0000375,0,0.0000375,73801,0.0049457,0.0002981,0.0005149,0.0017344,0.0006504,0.0006233,0.0004607,0.0006368,0.0003252,0,0.0000813,0.0000271,0.0000406,0.0000135,0.0000135,0.0001219
North Dakota,ND,44251,0.0025762,0.0001356,0.0002938,0.0008587,0.0003842,0.0002938,0.0003164,0.0004068,0.0000226,0.0000226,0.0000678,0.0000226,0,0.0000226,0,0,22204,0.0044136,0.0002702,0.0004954,0.0015763,0.0005855,0.0004954,0.0004954,0.0007656,0,0.000045,0.0001351,0.000045,0,0.000045,0,0,22045,0.0007258,0,0.0000907,0.0001361,0.0001814,0.0000907,0.0001361,0.0000454,0.0000454,0,0,0,0,0,0,0,5646,0.001594,0,0.0001771,0.0005313,0.0001771,0.0001771,0.0003542,0.0001771,0,0,0,0,0,0,0,0,9052,0.0009943,0.0001105,0,0.0003314,0.0001105,0.0002209,0.0002209,0.0001105,0,0,0.0001105,0,0,0,0,0,11859,0.0021924,0,0.0004216,0.0005903,0.0001686,0.0001686,0.0003373,0.0005059,0,0,0,0,0,0,0,0,11238,0.0034704,0.000178,0.0003559,0.0010678,0.0005339,0.0004449,0.0004449,0.0006229,0,0.000089,0,0,0,0.000089,0,0,6456,0.0048017,0.0004647,0.0004647,0.0020136,0.0010843,0.0004647,0.0001549,0.0004647,0.0001549,0,0.0003098,0.0001549,0,0,0,0
Nebraska,NE,115378,0.0017941,0.0001213,0.0000953,0.0005114,0.0002513,0.000208,0.0002427,0.000364,0.0001213,0,0.000052,8.67E-06,0,0,0,0.0000607,58009,0.0029133,0.0001379,0.0001551,0.0008275,0.0003448,0.0003448,0.0004654,0.0006206,0.0001551,0,0.000069,0.0000172,0,0,0,0.0000517,57365,0.0006624,0.0001046,0.0000349,0.0001918,0.0001569,0.0000697,0.0000174,0.0001046,0.0000872,0,0.0000349,0,0,0,0,0.0000697,14204,0.0004224,0,0,0.0000704,0.0002112,0.0000704,0,0.0000704,0,0,0,0,0,0,0,0,23378,0.0012405,0,0.0000428,0.0002994,0.0001283,0.0001283,0.0000856,0.0005133,0.0000428,0,0,0,0,0,0,0,29257,0.0013672,0.0002051,0,0.0003418,0.0001367,0.0001709,0.0002734,0.0002734,0.0001709,0,0.0000684,0.0000342,0,0,0,0.0001025,27846,0.0019392,0.0001796,0.0000718,0.0006105,0.0002514,0.0003232,0.0002514,0.0002873,0.0001436,0,0.0000718,0,0,0,0,0.0001077,20693,0.0037694,0.000145,0.0003866,0.0011598,0.0005799,0.00029,0.0005316,0.0006282,0.0001933,0,0.0000967,0,0,0,0,0.0000483
New Hampshire,NH,75606,0.0035844,0.0002248,0.0003307,0.0010846,0.0006878,0.0005158,0.0003571,0.0004497,0.0001587,0,0.0000529,0.0000265,0.0000529,0.0000529,0,0.0000397,38058,0.0054653,0.0003153,0.0004992,0.001813,0.0007357,0.0009196,0.0006306,0.0006569,0.0002102,0,0.0001051,0.0000263,0.0000788,0.0000788,0,0.0000263,37545,0.001678,0.0001332,0.0001598,0.0003463,0.0006392,0.0001065,0.0000799,0.0002397,0.0001065,0,0,0.0000266,0.0000266,0.0000266,0,0.0000533,7083,0.0009883,0.0002824,0.0001412,0.0005647,0,0,0,0.0002824,0,0,0.0002824,0,0,0,0,0,12730,0.0018853,0.0001571,0.0002357,0.0002357,0.0003928,0.0003142,0.0002357,0.0003142,0.0001571,0,0.0000786,0,0,0,0,0.0000786,16669,0.0019197,0.00012,0.00006,0.0005399,0.00018,0.0003599,0.0003,0.0004199,0.00006,0,0,0,0.00006,0.00006,0,0,19262,0.0031669,0.0001038,0.0003115,0.0010383,0.0005192,0.0003634,0.0004153,0.0004153,0.0001038,0,0,0.0000519,0.0000519,0,0,0,19862,0.0074011,0.0004531,0.0007049,0.002316,0.0017118,0.0011076,0.0005538,0.0006545,0.0003524,0,0.0000503,0.0000503,0.0001007,0.000151,0,0.0001007
New Jersey,NJ,424517,0.0028621,0.0001107,0.0002992,0.0008834,0.0005936,0.0002874,0.0002521,0.0003769,0.0001696,2.36E-06,0.000033,0.0000141,9.42E-06,0.0000118,0.0000118,0.0000283,212225,0.0044057,0.0001649,0.0004571,0.0015879,0.0006785,0.0004806,0.0004476,0.0005466,0.0002073,4.71E-06,0.0000518,0.0000141,0.0000141,0.0000236,0.0000236,0.000033,212229,0.0013193,0.0000565,0.0001414,0.0001791,0.0005089,0.0000942,0.0000565,0.0002073,0.0001319,0,0.0000141,0.0000141,4.71E-06,0,0,0.0000236,57205,0.0007692,0,0.0000524,0.0002622,0.0002273,0.0001049,0.0000175,0.0000699,0.000035,0,0,0,0,0,0,0,69049,0.0013034,0,0.0001593,0.0003765,0.0002607,0.0001014,0.0001014,0.0002317,0.0000724,0,0,0,0,0,0,0,69363,0.0015426,0.0000433,0.0002307,0.0003748,0.000346,0.0001009,0.0001874,0.0002595,0.0000433,0,0.0000144,0.0000144,0,0.0000144,0,0,85500,0.0024327,0.0001053,0.0002222,0.0006316,0.0005029,0.0002456,0.0002105,0.0004795,0.0001404,0,0.0000234,0,0.0000117,0.0000117,0.0000351,0.0000234,143400,0.0053417,0.0002441,0.0005439,0.0017713,0.0010739,0.0005649,0.0004742,0.0005649,0.0003487,6.97E-06,0.0000767,0.0000349,0.0000209,0.0000209,0.0000139,0.0000697
New Mexico,NM,115909,0.0017255,0.0000518,0.000138,0.0004918,0.0002933,0.0003278,0.0001553,0.0002416,0.0000776,0,0.0000173,8.63E-06,8.63E-06,0,0,0.0000173,58165,0.0027508,0.0000516,0.0001891,0.000808,0.0003438,0.0006017,0.0002923,0.0004126,0.0001032,0,0.0000344,0,0.0000172,0,0,0,57742,0.0006927,0.000052,0.0000866,0.0001732,0.0002425,0.000052,0.0000173,0.0000693,0.000052,0,0,0.0000173,0,0,0,0.0000346,30241,0.0004629,0,0.0000661,0.0000661,0.0000661,0.0000661,0.0000661,0.0000331,0.0000992,0,0,0,0,0,0,0,28377,0.0009162,0,0.0000705,0.0002467,0.0001057,0.0001762,0.0000705,0.0002467,0,0,0,0,0,0,0,0,23685,0.0013933,0.0000844,0,0.0004222,0.0002533,0.0002533,0.0002533,0.0000844,0.0001267,0,0.0000422,0,0,0,0,0.0000422,19155,0.0019838,0.0000522,0.0001566,0.0006787,0.0002088,0.0004176,0.0001566,0.0003132,0.0000522,0,0,0,0,0,0,0.0000522,14451,0.0061587,0.0002076,0.0006228,0.00173,0.0013148,0.0011764,0.000346,0.0008304,0.0001384,0,0.0000692,0.0000692,0.0000692,0,0,0
Nevada,NV,99305,0.0013997,0.0001007,0.0000705,0.0004934,0.000151,0.0001309,0.0001007,0.0003625,0.0000906,0,0.0000201,0,0,0.0000101,0.0000403,0.0000302,49934,0.0023631,0.0001602,0.0001202,0.0008812,0.0001802,0.0002403,0.0001802,0.0006208,0.0001402,0,0.0000401,0,0,0,0.0000801,0.0000401,49360,0.0004254,0.0000405,0.0000203,0.0001013,0.0001216,0.0000203,0.0000203,0.0001013,0.0000405,0,0,0,0,0.0000203,0,0.0000203,15114,0.0005955,0.0000662,0,0.0001323,0,0.0001323,0,0.0002647,0.0000662,0,0,0,0,0,0,0.0000662,22004,0.0005454,0.0000909,0,0.0002272,0.0000909,0.0000454,0.0000454,0.0001363,0,0,0.0000454,0,0,0.0000454,0,0,21929,0.000912,0.0000456,0.0000456,0.0002736,0.0000456,0.0000912,0.0001824,0.0001368,0.0001368,0,0,0,0,0,0.0000456,0,21565,0.0014839,0.0001855,0.0000464,0.0004173,0.0000927,0.0001391,0.0001391,0.0005101,0.0001391,0,0,0,0,0,0.0001391,0.0000464,18693,0.0035307,0.000107,0.0002675,0.0014444,0.000535,0.0002675,0.000107,0.0008024,0.000107,0,0.0000535,0,0,0,0,0.0000535
New York,NY,870056,0.0024458,0.0001115,0.0002299,0.0007689,0.0003448,0.0002816,0.0002827,0.0003701,0.0001655,3.45E-06,0.0000195,0.0000103,8.05E-06,8.05E-06,0.0000138,0.0000483,435507,0.0039104,0.0001998,0.0003329,0.0013272,0.0004156,0.0004891,0.0005052,0.0005763,0.0002595,6.89E-06,0.0000367,0.0000184,0.0000138,0.0000161,0.000023,0.000085,434472,0.0009782,0.000023,0.0001266,0.0002094,0.0002739,0.0000737,0.0000598,0.0001634,0.0000714,0,2.30E-06,2.30E-06,2.30E-06,0,4.60E-06,0.0000115,159208,0.0006218,0.000044,0.0000502,0.0001759,0.0000817,0.0000565,0.0000691,0.0001445,0.000044,0,0.0000188,6.28E-06,0,0,6.28E-06,0.0000126,178187,0.0010831,0.0000449,0.0001066,0.0003479,0.0001403,0.0001179,0.0001235,0.0001628,0.0000842,5.61E-06,0,0.0000112,0,0,5.61E-06,0.0000224,170842,0.0017677,0.0000468,0.000158,0.0004683,0.0001932,0.0001873,0.0002341,0.0003688,0.0001522,0,5.85E-06,0,5.85E-06,0,0.0000176,0.0000176,170905,0.0030602,0.0001463,0.0002809,0.0009069,0.0004154,0.0003745,0.0004213,0.0004388,0.0002223,5.85E-06,0.0000293,5.85E-06,0.0000176,0.0000176,0,0.0000702,190914,0.0052956,0.0002567,0.0005133,0.0018019,0.0008276,0.0006233,0.000529,0.0006914,0.0003038,5.24E-06,0.0000419,0.0000262,0.0000157,0.000021,0.0000367,0.00011
Ohio,OH,706343,0.0023969,0.0001628,0.0002732,0.0005352,0.0003171,0.0002874,0.0003115,0.0004162,0.0002562,4.25E-06,0.0000127,0.0000156,5.66E-06,9.91E-06,0.0000156,0.0000991,354872,0.0037929,0.0002142,0.0004086,0.0009327,0.0004171,0.0004931,0.0005551,0.0006509,0.0003353,5.64E-06,0.0000197,0.0000169,8.45E-06,0.0000141,0.0000197,0.0001296,351394,0.0009875,0.000111,0.0001366,0.0001338,0.0002163,0.0000797,0.0000655,0.0001793,0.0001764,2.85E-06,5.69E-06,0.0000142,2.85E-06,5.69E-06,0.0000114,0.0000683,105358,0.00056,0.0000475,0.0000664,0.0001329,0.000019,0.0000949,0.0000569,0.0001139,0.0000759,0,9.49E-06,0,0,0,9.49E-06,0.0000285,145479,0.0008867,0.0000412,0.0001169,0.0001993,0.0001031,0.0000962,0.0001581,0.0001306,0.0000825,0,0,0,0,0,6.87E-06,0.0000344,168396,0.0015559,0.0001069,0.0001782,0.0002969,0.0002078,0.0002197,0.0002197,0.0002672,0.0001663,0,0.0000178,5.94E-06,0.0000119,5.94E-06,0.0000119,0.0000534,164020,0.0030057,0.0002073,0.0003963,0.0005548,0.0003658,0.0003902,0.0004877,0.0004938,0.000317,0.0000122,0,0.0000305,6.10E-06,6.10E-06,0.0000183,0.0001341,123090,0.0060931,0.0004225,0.0006012,0.0015761,0.0009099,0.0006337,0.0006012,0.001113,0.0006581,8.12E-06,0.0000406,0.0000406,8.12E-06,0.0000406,0.0000325,0.0002518
Oklahoma,OK,220098,0.0013494,0.0000363,0.0001181,0.000309,0.0001318,0.0001772,0.0001636,0.0003726,0.0000772,0,4.54E-06,4.54E-06,9.09E-06,4.54E-06,9.09E-06,4.54E-06,111258,0.002292,0.0000719,0.0001618,0.0005663,0.0002067,0.0003415,0.0003056,0.0006022,0.0001079,0,8.99E-06,8.99E-06,0.000018,8.99E-06,0.000018,8.99E-06,108785,0.0003861,0,0.0000735,0.000046,0.0000552,9.19E-06,0.0000184,0.0001379,0.000046,0,0,0,0,0,0,0,50109,0.0003991,0.00002,0.0000399,0.0001197,0.00002,0.0000399,0.00002,0.0000998,0.0000599,0,0,0,0,0,0.00002,0,52766,0.0006065,0,0.0000569,0.0001327,0.0000379,0.0000758,0.0001137,0.0001516,0.0000379,0,0,0,0,0,0,0,48637,0.0011719,0,0.0001439,0.0002673,0.0000822,0.0001439,0.000185,0.0002878,0.0000617,0,0,0,0,0,0,0,40042,0.0016483,0.0000999,0.0001249,0.0002997,0.0001498,0.0001998,0.0002997,0.0004745,0.0000999,0,0.000025,0,0,0.000025,0.000025,0.000025,28544,0.0042741,0.0001051,0.0003153,0.001051,0.0005605,0.0006306,0.0002803,0.0012612,0.0001752,0,0,0.000035,0.0000701,0,0,0
Oregon,OR,199109,0.0026418,0.0001004,0.0002059,0.000894,0.0002712,0.0003717,0.0002762,0.0003917,0.000231,0,0.0000201,0.00001,0.00001,0.00001,0.0000201,0.0000301,100672,0.00447,0.0001987,0.0003278,0.0015695,0.0004073,0.0006556,0.0004669,0.0006953,0.0003477,0,0.0000397,0.0000199,0.0000199,0.0000199,0.0000397,0.0000596,98395,0.0007724,0,0.0000813,0.0002033,0.0001321,0.0000813,0.0000813,0.0000813,0.0001118,0,0,0,0,0,0,0,29007,0.0008963,0.0000689,0.0000345,0.0002758,0.0000689,0.0001379,0.0000689,0.0001724,0.0001379,0,0.0000345,0,0,0,0,0.0000345,39102,0.0015856,0.0000511,0.0001023,0.0005115,0.0001534,0.0002046,0.000179,0.0002046,0.0002302,0,0,0,0,0.0000256,0.0000256,0,46452,0.0016146,0.0001292,0.0002153,0.0004306,0.0001507,0.0001292,0.0001722,0.0003229,0.0001937,0,0,0,0.0000215,0.0000215,0.0000646,0.0000215,45370,0.0026008,0.0000441,0.0001322,0.0009037,0.0002204,0.0004629,0.0002645,0.0003967,0.0002204,0,0.000022,0,0,0,0,0.000022,39178,0.0062535,0.0002042,0.0005105,0.0022717,0.0007402,0.0008934,0.0006636,0.0008168,0.0003573,0,0.000051,0.000051,0.0000255,0,0,0.0000766
Pennsylvania,PA,697584,0.0025904,0.0001261,0.0002666,0.000711,0.0004014,0.0003354,0.0002781,0.0004745,0.0001233,4.30E-06,0.0000344,7.17E-06,0.0000229,0.0000115,8.60E-06,0.0000373,350412,0.0041951,0.0002026,0.0003881,0.0012214,0.0004994,0.000605,0.000508,0.0007677,0.0002055,5.71E-06,0.0000514,8.56E-06,0.0000371,0.0000228,0.0000171,0.0000599,347127,0.0009679,0.000049,0.000144,0.000193,0.0003025,0.0000634,0.0000461,0.0001786,0.0000403,2.88E-06,0.0000173,5.76E-06,8.64E-06,0,0,0.0000144,103701,0.0005689,0,0.0000771,0.0001254,0.0000579,0.0000579,0.0000482,0.0001446,0.0000579,0,0,0,0,0,0,0,131424,0.0011337,0.0000685,0.0001141,0.0002663,0.0001674,0.0001902,0.0000989,0.0002435,0.0000533,0,0.0000304,0,7.61E-06,0,7.61E-06,0.0000228,156459,0.0016234,0.0000639,0.0001406,0.0003963,0.0001981,0.0002109,0.0002109,0.0003643,0.0001023,6.39E-06,0.0000128,0,6.39E-06,6.39E-06,0,0.000032,158050,0.0030876,0.0001961,0.0003606,0.0007339,0.0004745,0.000386,0.0004239,0.0005315,0.0001772,0,0.000038,0.0000127,0.0000443,0.0000253,6.33E-06,0.0000696,147950,0.0057925,0.0002568,0.0005678,0.0018249,0.0009868,0.0007367,0.0005137,0.0009665,0.000196,0.0000135,0.0000811,0.0000203,0.0000473,0.0000203,0.000027,0.0000473
Rhode Island,RI,53348,0.0028117,0.0001312,0.0001874,0.0007685,0.0004311,0.0002812,0.0004124,0.0004311,0.0002999,0,0,0,0,0.0000187,0.0000187,0.0000937,26965,0.0039681,0.0001113,0.0002225,0.0012609,0.0004821,0.0003709,0.0007788,0.0005563,0.0002967,0,0,0,0,0.0000371,0,0.0000742,26382,0.0016299,0.0001516,0.0001516,0.0002653,0.000379,0.0001895,0.0000379,0.0003032,0.0003032,0,0,0,0,0,0.0000379,0.0001137,8104,0.000617,0,0.0001234,0.0002468,0.0001234,0,0,0.0001234,0,0,0,0,0,0,0,0,9437,0.0010597,0.000106,0,0.0002119,0.000106,0,0.0002119,0.0002119,0.0003179,0,0,0,0,0,0,0.000106,11278,0.001596,0,0.0000887,0.000266,0.000266,0.0001773,0.0003547,0.0001773,0.000266,0,0,0,0,0,0,0,12359,0.0021037,0.0000809,0.0001618,0.0004046,0.0004855,0.0004046,0.0000809,0.0004046,0.0001618,0,0,0,0,0,0.0000809,0,12170,0.0074774,0.0004108,0.000493,0.0023829,0.000986,0.0006574,0.0012325,0.0010682,0.0006574,0,0,0,0,0.0000822,0,0.0003287
South Carolina,SC,239045,0.0010626,0.0000376,0.0001548,0.000251,0.000159,0.0001255,0.0000795,0.000205,0.0000878,4.18E-06,4.18E-06,0,4.18E-06,0,0.0000167,8.37E-06,119242,0.0016018,0.0000587,0.0002516,0.0004361,0.0001593,0.0001845,0.0001342,0.0003187,0.0001174,8.39E-06,8.39E-06,0,8.39E-06,0,0.0000335,0,119784,0.0005259,0.0000167,0.0000584,0.0000668,0.0001586,0.0000668,0.000025,0.0000918,0.0000584,0,0,0,0,0,0,0.0000167,61533,0.0001463,0.0000163,0,0.0000163,0.0000325,0.0000163,0,0.0000163,0.000065,0,0,0,0,0,0,0.0000163,58238,0.0005151,0.0000343,0.0001202,0.0000859,0.0000172,0.0000343,0.0000515,0.0001202,0.0000859,0,0,0,0,0,0.0000172,0.0000172,45479,0.0009015,0,0.0001539,0.0001979,0.000044,0.0001539,0.000066,0.0001759,0.0001099,0,0,0,0,0,0,0,41052,0.0014372,0.0000974,0.0001949,0.0003897,0.000268,0.0001705,0.0000731,0.000268,0.0000731,0.0000244,0.0000244,0,0,0,0.0000487,0,32743,0.0035122,0.0000611,0.0004581,0.0008857,0.0006719,0.000397,0.0003054,0.0006719,0.0001222,0,0,0,0.0000305,0,0.0000305,0
South Dakota,SD,52957,0.0024926,0.0001322,0.0001322,0.000642,0.0002266,0.0003399,0.0005854,0.0004532,0.0001133,0.0000189,0,0.0000378,0,0.0000566,0.0000189,0,26676,0.004386,0.0002624,0.0001874,0.0010871,0.0003374,0.0006373,0.0010496,0.0008622,0.0002249,0.0000375,0,0.000075,0,0.0001125,0.0000375,0,26281,0.0005708,0,0.0000761,0.0001903,0.0001142,0.0000381,0.0001142,0.0000381,0,0,0,0,0,0,0,0,7877,0.0006348,0,0.000127,0,0,0,0.000127,0.0003809,0,0,0,0,0,0,0,0,12504,0.0016795,0,0.0001599,0.0004798,0.00008,0.0003199,0.0003999,0.0002399,0,0,0,0,0,0,0,0,14515,0.002618,0.0002756,0.0001378,0.0006889,0.0002067,0.0003445,0.00062,0.0004823,0.0001378,0.0000689,0,0,0,0.0001378,0.0000689,0,11226,0.0024051,0.0001782,0.0001782,0.0007126,0.0004454,0.0002672,0.0004454,0.0002672,0.0000891,0,0,0.0000891,0,0.0000891,0,0,6835,0.0059985,0.0001463,0,0.0014631,0.0004389,0.0008778,0.0016094,0.0011704,0.0004389,0,0,0.0001463,0,0,0,0
Tennessee,TN,329495,0.0012747,0.0000546,0.0001457,0.0003096,0.0002428,0.0001305,0.0001335,0.0001942,0.0001184,0,9.10E-06,0,6.07E-06,6.07E-06,6.07E-06,0.0000273,166440,0.0020969,0.0001081,0.0002523,0.0005227,0.0003184,0.0002463,0.0002343,0.0003244,0.0001983,0,0.000018,0,0.000012,0.000012,0.000012,0.0000541,163022,0.0004355,0,0.0000368,0.000092,0.0001656,0.0000123,0.0000307,0.0000613,0.0000368,0,0,0,0,0,0,0,71549,0.0004472,0.000028,0.000028,0.0000559,0.0000978,0.000028,0.0000559,0.0001258,0.0000559,0,0,0,0,0,0.000014,0.000014,78286,0.0006004,0,0.0001022,0.0001277,0.0000639,0.0000511,0.0001022,0.0001022,0.0000511,0,0,0,0,0,0,0,68545,0.0008899,0.0000292,0.0000875,0.0001751,0.0001605,0.0001313,0.0000875,0.0001605,0.0000875,0,0,0,0,0,0.0000146,0.0000146,59694,0.0013904,0.0000838,0.0001843,0.000268,0.000268,0.0002513,0.000201,0.0001508,0.000067,0,0.0000168,0,0.0000168,0.0000335,0,0.0000168,51421,0.0038311,0.000175,0.0004084,0.0011668,0.0007973,0.0002528,0.0002723,0.0005251,0.0004084,0,0.0000389,0,0.0000194,0,0,0.0001167
Texas,TX,1269067,0.0014546,0.0000552,0.0000922,0.0005201,0.0001749,0.0001741,0.00013,0.0003026,0.0000607,1.58E-06,0.000015,4.73E-06,7.09E-06,6.30E-06,8.67E-06,0.0000118,638446,0.0023949,0.0000799,0.0001363,0.0009038,0.0002287,0.0003007,0.0002302,0.0005028,0.0000924,1.57E-06,0.0000204,7.83E-06,7.83E-06,0.000011,0.0000172,0.0000141,630464,0.0005028,0.0000301,0.0000476,0.0001316,0.0001205,0.000046,0.0000286,0.0000999,0.0000286,1.59E-06,9.52E-06,1.59E-06,6.34E-06,1.59E-06,0,9.52E-06,301226,0.0003718,0.0000133,0.0000266,0.0001195,0.0000299,0.0000432,0.0000398,0.0000896,0.0000232,0,0,0,0,0,6.64E-06,6.64E-06,290909,0.0007288,0.0000241,0.0000413,0.000275,0.0000756,0.0000756,0.0001134,0.0001272,0.0000206,3.44E-06,6.88E-06,3.44E-06,0,6.88E-06,0,3.44E-06,234096,0.0008928,0.0000427,0.0000983,0.0002777,0.0000641,0.000141,0.0000683,0.0001794,0.0000641,4.27E-06,4.27E-06,0,8.54E-06,4.27E-06,4.27E-06,0.0000171,212566,0.0017783,0.0000329,0.0001176,0.0005833,0.0001929,0.000207,0.0002023,0.0003858,0.0000894,0,0,4.70E-06,4.70E-06,9.41E-06,4.70E-06,9.41E-06,230270,0.0040605,0.0001824,0.0002128,0.0015417,0.0005863,0.0004734,0.0002649,0.0008512,0.0001303,0,0.0000695,0.0000174,0.0000261,0.000013,0.0000304,0.0000261
Utah,UT,173009,0.0030634,0.0000694,0.0002023,0.000815,0.000526,0.0003237,0.0003988,0.0006358,0.0001618,0,0,0.0000173,0,0.0000116,0.0000116,0.0000289,88024,0.0052031,0.0001022,0.0003295,0.0014769,0.0008293,0.000568,0.0007157,0.0010452,0.0002386,0,0,0.0000341,0,0.0000227,0.0000227,0.0000227,84964,0.0008474,0.0000353,0.0000706,0.0001295,0.0002119,0.0000706,0.0000706,0.0002119,0.0000824,0,0,0,0,0,0,0.0000353,15717,0.0013998,0,0.0001273,0.0003181,0.0003818,0.0001273,0.0000636,0.0003818,0,0,0,0,0,0,0,0,26268,0.0017892,0,0.0001142,0.0003426,0.0002284,0.0001903,0.0000761,0.0006472,0.0001903,0,0,0,0,0,0,0,41488,0.0021211,0.0000482,0.0001446,0.0005062,0.0003857,0.0002169,0.0003374,0.000458,0.0000723,0,0,0,0,0.0000241,0.0000241,0,49912,0.0030654,0.0000401,0.0002404,0.0008615,0.0004808,0.0003606,0.0005009,0.0005009,0.0001202,0,0,0,0,0,0,0.0000401,39624,0.0055522,0.0002019,0.0003028,0.0015899,0.0009843,0.0005552,0.0006814,0.0010852,0.0003533,0,0,0.0000757,0,0.0000252,0.0000252,0.0000757
Virginia,VA,391262,0.0019527,0.0000792,0.0001482,0.0007949,0.0002581,0.0002121,0.0002019,0.000253,0.0000843,2.56E-06,0.0000204,5.11E-06,5.11E-06,0.0000128,7.67E-06,0.0000256,196389,0.0031723,0.0001324,0.0002037,0.0013748,0.0003463,0.000387,0.0003361,0.0003972,0.0001273,5.09E-06,0.0000356,0.0000102,0.0000102,0.0000153,0.0000153,0.0000407,194858,0.0007236,0.0000257,0.0000924,0.0002104,0.0001694,0.0000359,0.0000667,0.0001078,0.0000411,0,5.13E-06,0,0,0.0000103,0,0.0000103,63979,0.0004845,0.0000156,0.0000625,0.0001407,0.0000782,0.0000313,0.0000156,0.0000938,0.0000625,0,0,0,0,0,0,0.0000156,73404,0.0005722,0,0.0000272,0.0002316,0.0000545,0.0000409,0.000109,0.0000954,0.0000136,0,0,0,0,0,0,0,76773,0.0010681,0.000013,0.0001172,0.0004689,0.0000651,0.0001042,0.0001433,0.0001433,0.0000261,0,0.000013,0,0,0,0,0,79019,0.0017591,0.0000759,0.0001012,0.0006201,0.0002658,0.0002151,0.0002151,0.0002658,0.0000759,0.0000127,0.0000127,0.0000127,0,0.0000127,0,0.0000253,98087,0.0047917,0.0002345,0.0003568,0.002039,0.0006729,0.0005403,0.0004282,0.0005505,0.0002039,0,0.0000612,0.0000102,0.0000204,0.0000408,0.0000306,0.0000714
Vermont,VT,38091,0.0034654,0.0002625,0.0002625,0.0010239,0.00042,0.0006563,0.0003675,0.0006038,0.0001313,0,0.0000263,0,0.0000788,0.0000263,0.0000525,0.0000788,19319,0.0059527,0.0004141,0.0004659,0.0017599,0.0006212,0.0011905,0.0007247,0.0010353,0.0001553,0,0,0,0.0001553,0.0000518,0.0001035,0.0001035,18771,0.0009057,0.0001065,0.0000533,0.0002664,0.0002131,0.0001065,0,0.0001598,0.0001065,0,0.0000533,0,0,0,0,0.0000533,5561,0.0017982,0.0001798,0.0001798,0.0003596,0.0001798,0.0007193,0,0.0001798,0.0001798,0,0,0,0,0,0,0.0001798,7939,0.0016375,0.0002519,0,0.0006298,0,0.0002519,0.0003779,0.0002519,0.000126,0,0,0,0,0.000126,0,0.000126,9412,0.0028687,0.000425,0.0003187,0.00085,0.0002125,0.0005312,0.0001062,0.0007437,0.0001062,0,0,0,0.0001062,0,0.0002125,0.0001062,8587,0.0046582,0,0.0004658,0.001281,0.0006987,0.0008152,0.0005823,0.0008152,0,0,0,0,0,0,0,0,6592,0.0063714,0.0004551,0.0003034,0.0019721,0.0010619,0.0010619,0.0007585,0.0009102,0.0003034,0,0.0001517,0,0.0003034,0,0,0
Washington,WA,349985,0.0028201,0.0001886,0.0001514,0.0012772,0.0003057,0.00026,0.0002543,0.0003686,0.0002029,0,0.0000657,5.71E-06,0.0000114,0.0000114,0.0000171,0.0000771,176787,0.004644,0.0002772,0.0002263,0.0022343,0.0004129,0.0004356,0.0004412,0.0005883,0.0003055,0,0.0001018,5.66E-06,0.0000226,0.000017,0.0000226,0.0001075,173174,0.0009586,0.0000982,0.0000751,0.0003003,0.0001963,0.0000808,0.0000635,0.0001444,0.0000982,0,0.0000289,5.77E-06,0,5.77E-06,0.0000115,0.0000462,43535,0.000758,0,0,0.0003675,0.0000689,0.0001149,0.0000689,0.0001378,0,0,0,0,0,0,0,0,59095,0.0013368,0.0001185,0.0000846,0.0005753,0.0000846,0.0001185,0.0001185,0.0002369,0.0001185,0,0.0000508,0,0,0,0.0000169,0.0000508,76406,0.0017407,0.0001178,0.0000654,0.0008376,0.0001701,0.0001047,0.0002356,0.0002618,0.0000654,0,0.0000654,0,0,0.0000131,0.0000131,0.0000262,88884,0.0024414,0.0001125,0.0001575,0.0010801,0.000225,0.000225,0.0002588,0.0003038,0.0001913,0,0.0000225,0,0.0000113,0,0.0000225,0.0000563,82065,0.0063974,0.0004874,0.0003534,0.002888,0.0008042,0.0006215,0.000463,0.0007555,0.0005118,0,0.0001584,0.0000244,0.0000366,0.0000366,0.0000244,0.0002072
Wisconsin,WI,344938,0.0032962,0.0001681,0.0002957,0.0006204,0.0004407,0.0004494,0.0005189,0.0007132,0.000258,0.0000145,0.0000174,8.70E-06,0.0000203,0.0000203,0.0000319,0.0000551,173260,0.00546,0.0003001,0.0004617,0.0010851,0.0004906,0.0008138,0.0009581,0.001189,0.0004617,0.0000173,0.0000289,0.0000173,0.0000404,0.0000404,0.0000577,0.0000981,171668,0.0011126,0.000035,0.0001282,0.0001515,0.0003903,0.0000816,0.0000757,0.000233,0.0000524,0.0000117,5.83E-06,0,0,0,5.83E-06,0.0000117,38206,0.0007329,0.0001047,0.0000262,0.0001309,0.0000785,0.0000523,0.000157,0.0002356,0.0000523,0,0,0,0.0000262,0.0000523,0,0.0000262,56577,0.0014847,0.000053,0.0001414,0.0001944,0.0001944,0.0001414,0.0002298,0.0004242,0.0001591,0,0.0000177,0,0,0,0,0.0000354,79734,0.0024331,0.0001003,0.0002132,0.0004264,0.000301,0.0003135,0.0005518,0.0004766,0.0001505,0.0000125,0.0000125,0,0.0000125,0,0.0000125,0.0000502,96948,0.0031976,0.000165,0.0002991,0.0004745,0.0003198,0.0005054,0.0006086,0.0006808,0.0003094,0.0000309,0.0000103,0.0000103,0,0.0000309,0.0000413,0.0000413,73473,0.007091,0.0003675,0.0006397,0.001606,0.0011297,0.0009663,0.0007758,0.0014835,0.00049,0.0000136,0.0000408,0.0000272,0.0000681,0.0000272,0.0000817,0.0001089
West Virginia,WV,101848,0.0011488,0.0000589,0.0001767,0.0003142,0.0001375,0.0001964,0.000108,0.0001669,0.0000491,9.82E-06,0.0000196,9.82E-06,0,0,9.82E-06,9.82E-06,51449,0.0018076,0.0000972,0.0002721,0.0005637,0.0001749,0.0003304,0.0001361,0.0002527,0.0000777,0.0000194,0.0000194,0.0000194,0,0,0.0000194,0.0000194,50398,0.0004762,0.0000198,0.0000794,0.0000595,0.0000992,0.0000595,0.0000794,0.0000794,0.0000198,0,0.0000198,0,0,0,0,0,21943,0.0002734,0,0.0000456,0.0000911,0,0.0000456,0,0.0000911,0,0,0,0,0,0,0,0,23464,0.0005114,0,0.0000852,0.0000426,0.0000852,0.0000852,0.0001279,0.0000852,0,0,0,0,0,0,0,0,24260,0.0010717,0.0000412,0.0001237,0.0002061,0.0001649,0.0002473,0.0001649,0.0001237,0.0000412,0,0,0.0000412,0,0,0,0,20261,0.0012339,0.0000494,0.0001481,0.0005429,0.0000494,0.0001974,0.0000494,0.0000987,0.0001481,0.0000494,0,0,0,0,0,0,11920,0.0040268,0.0003356,0.000755,0.0010906,0.0005872,0.0005872,0.0002517,0.0006711,0.0000839,0,0.0001678,0,0,0,0.0000839,0.0000839
Wyoming,WY,37116,0.0020207,0,0.0002964,0.000458,0.0001886,0.0002155,0.0002694,0.0005389,0.0000539,0,0,0,0,0,0,0,18716,0.0034195,0,0.0004809,0.000748,0.0003206,0.0003206,0.0004809,0.0009617,0.0001069,0,0,0,0,0,0,0,18396,0.000598,0,0.0001087,0.0001631,0.0000544,0.0001087,0.0000544,0.0001087,0,0,0,0,0,0,0,0,5103,0.0013717,0,0.0003919,0.0005879,0,0,0.000196,0.000196,0,0,0,0,0,0,0,0,6969,0.0007175,0,0.0001435,0,0,0.0001435,0.0001435,0.0001435,0.0001435,0,0,0,0,0,0,0,9271,0.0015101,0,0.0002157,0.0004315,0.0001079,0.0001079,0.0001079,0.0005393,0,0,0,0,0,0,0,0,9945,0.0024133,0,0.0001006,0.0007039,0.0002011,0.0003017,0.0004022,0.0006033,0.0001006,0,0,0,0,0,0,0,5828,0.0042896,0,0.0008579,0.0005148,0.0006863,0.0005148,0.0005148,0.0012011,0,0,0,0,0,0,0,0
